{
    "metadata": [
        {
            "title": "Embedded Linux Education Kit",
            "subject": ["linux", "operating systems", "embedded", "yocto"],
            "type": "EdKit",
            "format": ["ppt", "doc", "zip code files"],
            "creator": "Mark Allen",
            "publisher": "Arm Education",
            "created": "21/07/2017",
            "description": "To produce students who can develop an embedded Linux system on low-cost yet powerful Arm based platforms, including customer peripheral development for various applications using standard software tools. Syllabus, Introduction to Linux and Embedded Systems, Linux-based Embedded System Component Stack, Anatomy of a Linux-based System, Configuration and Build Process, Linux Kernel Modules, Communication Between Kernel and User Space, Application Demo: Building a Ranging Sensor Kernel Module, System Debugging and Profiling",
            "language": "Eng",
            "source":"",
            "relation": "",
            "audience": ["Learner", "Developer", "Undergraduate", "Student", "Lecturer", "Academic", "Professor"],  
            "contributor": "",
            "date": "",
            "license": "EULA",
            "identifier": ""
        },
        {
            "title": "Linux and Embedded Systems: An Introduction, Module 1",
            "subject": ["linux", "operating systems", "embedded", "yocto"],
            "type": "Lecture",
            "format": "ppt",
            "creator": "Mark Allen",
            "publisher": "Arm Education",
            "created": "21/07/2017",
            "description": "To introduce the structure of the Embedded Linux Online Course, To introduce the concept of embedded systems, To provide a few illustrative examples of Linux-based embedded systems",
            "language": "Eng",
            "source": "",
            "relation": "",
            "audience": ["Learner", "Developer", "Undergraduate", "Student", "Lecturer", "Academic", "Professor"],     
            "contributor": "",
            "date": "",
            "license": "EULA",
            "identifier": "",   
            "link": "Raspberry_Pi/contents/Module01_IntroToLinuxAndEmbeddedSystems/Lecture01_IntroToLinuxAndEmbeddedSystems.pptx"
        },
        {
            "title": "Linux-based Embedded System Component Stack, Module 2",
            "subject": ["Linux", "Operating Systems", "Embedded", "Yocto"],
            "type": "Lecture",
            "format": "ppt",
            "creator": "Mark Allen",
            "publisher": "Arm Education",
            "created": "21/07/2017",
            "description": "To illustrate the main components of a Linux-based embedded system, To analyze the bootstrap process",
            "language": "Eng",
            "source": "",
            "relation": "",
            "audience": ["Learner", "Developer", "Undergraduate", "Student", "Lecturer", "Academic", "Professor"],     
            "contributor": "",
            "date": "",
            "license": "EULA",
            "identifier": "",  
            "link": "Raspberry_Pi/contents/Module02_LinuxBasedEmbeddedSystemComponentStack/Lecture02_LinuxBasedEmbeddedSystemComponentStack.pptx"
        },
        {
            "title": "Introduction to the Board and Workspace Setup, Module 2, Lab 1",
            "subject": ["Linux", "Operating Systems", "Embedded", "Yocto"],
            "type": "Lab",
            "format": "doc",
            "creator": "Mark Allen",
            "publisher": "Arm Education",
            "created": "21/07/2017",
            "description": "Introduce the Raspberry Pi 3 board and to provide instructions about how to set up the workspace used for the following labs.",
            "language": "Eng",
            "source": "",
            "relation": "",
            "audience": ["Learner", "Developer", "Undergraduate", "Student", "Lecturer", "Academic", "Professor"],     
            "contributor": "",
            "date": "",
            "license": "EULA",
            "identifier": "",  
            "link": "Raspberry_Pi/contents/Module02_LinuxBasedEmbeddedSystemComponentStack/Lab00_GettingStarted/Lab00_GettingStarted.doc"
        },
        {
            "title": "Linux-based Embedded System Component Stack, Module 2, Quiz 1",
            "subject": ["Linux", "Operating Systems", "Embedded", "Yocto"],
            "type": "Quiz",
            "format": "doc",
            "creator": "Mark Allen",
            "publisher": "Arm Education",
            "created": "21/07/2017",
            "description": "Quiz questions based on a Linux-based embedded system component stack.",
            "language": "Eng",
            "source": "",
            "relation": "",
            "audience": ["Learner", "Developer", "Undergraduate", "Student", "Lecturer", "Academic", "Professor"],     
            "contributor": "",
            "date": "",
            "license": "EULA",
            "identifier": "",  
            "link": "Raspberry_Pi/contents/Module02_LinuxBasedEmbeddedSystemComponentStack/Quiz02_LinuxBasedEmbeddedSystemComponentStack.docx"
        },
        {
            "title": "Anatomy of a Linux-based System, Module 3",
            "subject": ["Linux", "Operating Systems", "Embedded", "Yocto"],
            "type": "Lecture",
            "format": "ppt",
            "creator": "Mark Allen",
            "publisher": "Arm Education",
            "created": "21/07/2017",
            "description": "The aim of this lecture is to: Provide a more detailed overview of the Linux architecture. Illustrate the device tree details. Introduce the U-Boot bootloader.",
            "language": "Eng",
            "source": "",
            "relation": "",
            "audience": ["Learner", "Developer", "Undergraduate", "Student", "Lecturer", "Academic", "Professor"],     
            "contributor": "",
            "date": "",
            "license": "EULA",
            "identifier": "",  
            "link": "Raspberry_Pi/contents/Module03_AnatomyOfLinuxBasedSystem/Lecture03_AnatomyOfLinuxBasedSystem.pptx"
        },
        {
            "title": "Anatomy of a Linux-based System, Module 3, Quiz 2",
            "subject": ["Linux", "Operating Systems", "Embedded", "Yocto"],
            "type": "Quiz",
            "format": "docx",
            "creator": "Mark Allen",
            "publisher": "Arm Education",
            "created": "21/07/2017",
            "description": "Quiz questions based on the anatomy of a Linux-based system.",
            "language": "Eng",
            "source": "",
            "relation": "",
            "audience": ["Learner", "Developer", "Undergraduate", "Student", "Lecturer", "Academic", "Professor"],     
            "contributor": "",
            "date": "",
            "license": "EULA",
            "identifier": "",  
            "link": "Raspberry_Pi/contents/Module03_AnatomyOfLinuxBasedSystem/Quiz03_AnatomyOfLinuxBasedSystem.docx"
        },
        {
            "title": "Configuration & Build Process of an Embedded Linux System, Module 4",
            "subject": ["Linux", "Operating Systems", "Embedded", "Yocto"],
            "type": "Lecture",
            "format": "ppt",
            "creator": "Mark Allen",
            "publisher": "Arm Education",
            "created": "",
            "description": "The aim of this lecture is to: Illustrate the configuration and build process of an embedded Linux system. Illustrate the concept of build systems.",
            "language": "Eng",
            "source": "",
            "relation": "",
            "audience": ["Learner", "Developer", "Undergraduate", "Student", "Lecturer", "Academic", "Professor"],     
            "contributor": "",
            "date": "",
            "license": "EULA",
            "identifier": "",  
            "link": "Raspberry_Pi/contents/Module04_ConfigurationAndBuildProcess/Lecture04_ConfigurationAndBuildProcess.pptx"
        },
        {
            "title": "Configuration & Build Process of an Embedded Linux System, Module 4, Quiz 3",
            "subject": ["Linux", "Operating Systems", "Embedded", "Yocto"],
            "type": "Quiz",
            "format": "docx",
            "creator": "Mark Allen",
            "publisher": "Arm Education",
            "created": "21/07/2017",
            "description": "Quiz questions based on the configuration and build process of an embedded Linux system.",
            "language": "Eng",
            "source": "",
            "relation": "",
            "audience": ["Learner", "Developer", "Undergraduate", "Student", "Lecturer", "Academic", "Professor"],     
            "contributor": "",
            "date": "",
            "license": "EULA",
            "identifier": "",  
            "link": "Raspberry_Pi/contents/Module04_ConfigurationAndBuildProcess/Quiz04_ConfigurationAndBuildProcess.docx"
        },
        {
            "title": "Introduction to Linux Kernel Modules, Module 5",
            "subject": ["Linux", "Operating Systems", "Embedded", "Yocto"],
            "type": "Lecture",
            "format": "ppt",
            "creator": "Mark Allen",
            "publisher": "Arm Education",
            "created": "21/07/2017",
            "description": "The aim of this lecture is to: Discuss the central processing unit (CPU) and input/output (I/O) interfaces, the virtual filesystem (VFS) abstraction and introduce Linux kernel modules",
            "language": "Eng",
            "source": "",
            "relation": "",
            "audience": ["Learner", "Developer", "Undergraduate", "Student", "Lecturer", "Academic", "Professor"],     
            "contributor": "",
            "date": "",
            "license": "EULA",
            "identifier": "",  
            "link": "Raspberry_Pi/contents/Module05_LinuxKernelModules/Lecture05_LinuxKernelModules.pptx"
        },
        {
            "title": "Introduction to Kernel Modules under Yocto, Module 5, Lab 2",
            "subject": ["Linux", "Operating Systems", "Embedded", "Yocto"],
            "type": "Lab",
            "format": "docx",
            "creator": "Mark Allen",
            "publisher": "Arm Education",
            "created": "21/07/2017",
            "description": "To build a simple loadable kernel module using the Yocto build environment.",
            "language": "Eng",
            "source": "",
            "relation": "",
            "audience": ["Learner", "Developer", "Undergraduate", "Student", "Lecturer", "Academic", "Professor"],     
            "contributor": "",
            "date": "",
            "license": "EULA",
            "identifier": "",  
            "link": "Raspberry_Pi/contents/Module05_LinuxKernelModules/Lab01_LinuxKernelModulesUnderYocto/Lab01_LinuxKernelModulesUnderYocto.docx"
        },
        {
            "title": "Introduction to Kernel Modules under Yocto, Module 5, Lab 2, Lab Files",
            "subject": ["Linux", "Operating Systems", "Embedded", "Yocto"],
            "type": "Lab",
            "format": [".bb", ".c", "Makefile"],
            "creator": "Mark Allen",
            "publisher": "Arm Education",
            "created": "21/07/2017",
            "description": "Code for the lab exercise",
            "language": "Eng",
            "source": "",
            "relation": "",
            "audience": ["Learner", "Developer", "Undergraduate", "Student", "Lecturer", "Academic", "Professor"],     
            "contributor": "",
            "date": "",
            "license": "EULA",
            "identifier": "",  
            "link": "Raspberry_Pi/contents/Module05_LinuxKernelModules/Lab01_LinuxKernelModulesUnderYocto/hello-mod"
        },
        {
            "title": "Introduction to Kernel Modules under Yocto, Module 5, Quiz 4",
            "subject": ["Linux", "Operating Systems", "Embedded", "Yocto"],
            "type": "Quiz",
            "format": "docx",
            "creator": "Mark Allen",
            "publisher": "Arm Education",
            "created": "21/07/2017",
            "description": "Quiz questions based on kernel modules with Yocto.",
            "language": "Eng",
            "source": "",
            "relation": "",
            "audience": ["Learner", "Developer", "Undergraduate", "Student", "Lecturer", "Academic", "Professor"],     
            "contributor": "",
            "date": "",
            "license": "EULA",
            "identifier": "",  
            "link": "Raspberry_Pi/contents/Module05_LinuxKernelModules/Quiz05_LinuxKernelModules.docx"
        },
        {
            "title": "Communication Between Kernel and User Space, Module 6",
            "subject": ["Linux", "Operating Systems", "Embedded", "Yocto"],
            "type": "Lecture",
            "format": "ppt",
            "creator": "Mark Allen",
            "publisher": "Arm Education",
            "created": "21/07/2017",
            "description": "The aim of this lecture is to: Delve into more details about Linux kernel modules. Illustrate the communication mechanism between kernel and user memory spaces",
            "language": "Eng",
            "source": "",
            "relation": "",
            "audience": ["Learner", "Developer", "Undergraduate", "Student", "Lecturer", "Academic", "Professor"],     
            "contributor": "",
            "date": "",
            "license": "EULA",
            "identifier": "",  
            "link": "Raspberry_Pi/contents/Module06_CommunicationBetweenKernelAndUserSpace/Lecture06_CommunicationBetweenKernelAndUserSpace.pptx"
        },
        {
            "title": "Handling General Purpose I/O Using Linux Kernel Modules, Module 6, Lab 3",
            "subject": ["Linux", "Operating Systems", "Embedded", "Yocto"],
            "type": "Lab",
            "format": "doc",
            "creator": "Mark Allen",
            "publisher": "Arm Education",
            "created": "21/07/2017",
            "description": "Build a loadable kernel module using the Yocto build environment - which provides access to one general purpose I/O (GPIO) as output and one GPIO as input, handled in interrupt mode.",
            "language": "Eng",
            "source": "",
            "relation": "",
            "audience": ["Learner", "Developer", "Undergraduate", "Student", "Lecturer", "Academic", "Professor"],     
            "contributor": "",
            "date": "",
            "license": "EULA",
            "identifier": "",  
            "link": "Raspberry_Pi/contents/Module06_CommunicationBetweenKernelAndUserSpace/Lab02_HandlingGPIOusingLinuxKernelModules/Lab02_HandlingGPIOusingLinuxKernelModules.docx"
        },
        {
            "title": "Handling General Purpose I/O Using Linux Kernel Modules, Module 6, Lab 3, Lab Files",
            "subject": ["Linux", "Operating Systems", "Embedded", "Yocto"],
            "type": "Lab",
            "format": [".bb", ".c", "Makefile"],
            "creator": "Mark Allen",
            "publisher": "Arm Education",
            "created": "21/07/2017",
            "description": "Code for lab exercise",
            "language": "Eng",
            "source": "",
            "relation": "",
            "audience": ["Learner", "Developer", "Undergraduate", "Student", "Lecturer", "Academic", "Professor"],     
            "contributor": "",
            "date": "",
            "license": "EULA",
            "identifier": "",  
            "link": "Raspberry_Pi/contents/Module06_CommunicationBetweenKernelAndUserSpace/Lab02_HandlingGPIOusingLinuxKernelModules/gpio-mod"
        },
        {
            "title": "Handling General Purpose I/O Using Linux Kernel Modules, Module 6, Quiz 5",
            "subject": ["Linux", "Operating Systems", "Embedded", "Yocto"],
            "type": "Quiz",
            "format": "docx",
            "creator": "Mark Allen",
            "publisher": "Arm Education",
            "created": "21/07/2017",
            "description": "Quiz questions based on GPIO with Linux kernel modules",
            "language": "Eng",
            "source": "",
            "relation": "",
            "audience": ["Learner", "Developer", "Undergraduate", "Student", "Lecturer", "Academic", "Professor"],     
            "contributor": "",
            "date": "",
            "license": "EULA",
            "identifier": "",  
            "link": "Raspberry_Pi/contents/Module06_CommunicationBetweenKernelAndUserSpace/Quiz06_CommunicationBetweenKernelAndUserSpace.docx"
        },
        {
            "title": "Application Demo: Building a Ranging Sensor Kernel Module, Module 7",
            "subject": ["Linux", "Operating Systems", "Embedded", "Yocto"],
            "type": "Lecture",
            "format": "ppt",
            "creator": "Mark Allen",
            "publisher": "Arm Education",
            "created": "21/07/2017",
            "description": "The aim of this lecture is to: Discuss user-level communication with kernel modules. Present an example to support a hardware device connected to a board",
            "language": "Eng",
            "source": "",
            "relation": "",
            "audience": ["Learner", "Developer", "Undergraduate", "Student", "Lecturer", "Academic", "Professor"],     
            "contributor": "",
            "date": "",
            "license": "EULA",
            "identifier": "",  
            "link": "Raspberry_Pi/contents/Module07_BuildingARangingSensorKernelModule/Lecture07_BuildingARangingSensorKernelModule.pptx"
        },
        {
            "title": "Handling HC-SR04 Ranging Sensor Using Linux Kernel Modules, Module 7, Lab 4",
            "subject": ["Linux", "Operating Systems", "Embedded", "Yocto"],
            "type": "Lab",
            "format": "doc",
            "creator": "Mark Allen",
            "publisher": "Arm Education",
            "created": "21/07/2017",
            "description": "Build a loadable kernel module using the Yocto build environment that provides access to the HC-SR04 ranging sensor.",
            "language": "Eng",
            "source": "",
            "relation": "",
            "audience": ["Learner", "Developer", "Undergraduate", "Student", "Lecturer", "Academic", "Professor"],     
            "contributor": "",
            "date": "",
            "license": "EULA",
            "identifier": "",  
            "link": "Raspberry_Pi/contents/Lab03_BuildingARangingSensorKernelModule/Lab03_HCSR04RangingSensor.docx"
        },
        {
            "title": "Handling HC-SR04 Ranging Sensor Using Linux Kernel Modules, Module 7, Lab 4, Lab files",
            "subject": ["Linux", "Operating Systems", "Embedded", "Yocto"],
            "type": "Lab",
            "format": [".bb", ".c", "Makefile"],
            "creator": "Mark Allen",
            "publisher": "Arm Education",
            "created": "21/07/2017",
            "description": "Code for lab exercise",
            "language": "Eng",
            "source": "",
            "relation": "",
            "audience": ["Learner", "Developer", "Undergraduate", "Student", "Lecturer", "Academic", "Professor"],     
            "contributor": "",
            "date": "",
            "license": "EULA",
            "identifier": "",  
            "link": "Raspberry_Pi/contents/Module07_BuildingARangingSensorKernelModule/Lab03_BuildingARangingSensorKernelModule/hcsr04-mod"
        },
        {
            "title": "Handling HC-SR04 Ranging Sensor Using Linux Kernel Modules, Module 7, Quiz 6",
            "subject": ["Linux", "Operating Systems", "Embedded", "Yocto"],
            "type": "Quiz",
            "format": "docx",
            "creator": "Mark Allen",
            "publisher": "Arm Education",
            "created": "21/07/2017",
            "description": "Quiz questions based on HC-SR04 ranging sensor with Linux kernel modules.",
            "language": "Eng",
            "source": "",
            "relation": "",
            "audience": ["Learner", "Developer", "Undergraduate", "Student", "Lecturer", "Academic", "Professor"],     
            "contributor": "",
            "date": "",
            "license": "EULA",
            "identifier": "",  
            "link": "Raspberry_Pi/contents/Module07_BuildingARangingSensorKernelModule/Quiz07_BuildingARangingSensorKernelModule.docx"
        },
        {
            "title": "Introduction to code development and debugging using Yocto, Module 8, Lab 5",
            "subject": ["Linux", "Operating Systems", "Embedded", "Yocto"],
            "type": "Lab",
            "format": "doc",
            "creator": "Mark Allen",
            "publisher": "Arm Education",
            "created": "21/07/2017",
            "description": "To set up the development environment using Yocto to write and cross-compile applications for the embedded Linux running on the Raspberry Pi 3 and to perform remote debugging operations.",
            "language": "Eng",
            "source": "",
            "relation": "",
            "audience": ["Learner", "Developer", "Undergraduate", "Student", "Lecturer", "Academic", "Professor"],     
            "contributor": "",
            "date": "",
            "license": "EULA",
            "identifier": "",  
            "link": "Raspberry_Pi/contents/Module08_SystemDebuggingAndProfiling/Lab04_IntroToCodeDevelopmentUsingYocto/Lab04_IntroToCodeDevelopmentUsingYocto.docx"
        },
        {
            "title": "Introduction to the Linux kernel and application profiling, Module 8, Lab 6",
            "subject": ["Linux", "Operating Systems", "Embedded", "Yocto"],
            "type": "Lab",
            "format": "doc",
            "creator": "Mark Allen",
            "publisher": "Arm Education",
            "created": "21/07/2017",
            "description": "To allow you to use the Arm Streamline tool to profile the execution of code running on the Raspberry Pi 3.",
            "language": "Eng",
            "source": "",
            "relation": "",
            "audience": ["Learner", "Developer", "Undergraduate", "Student", "Lecturer", "Academic", "Professor"],     
            "contributor": "",
            "date": "",
            "license": "EULA",
            "identifier": "",  
            "link": "Raspberry_Pi/contents/Module08_SystemDebuggingAndProfiling/Lab05_IntroToLinuxKernelandApplicationProfiling/Lab05_IntroToLinuxKernelandApplicationProfiling.docx"
        },
        {
            "title": "Introduction to code development and debugging using Yocto, Module 8, Lab 5, Lab Files",
            "subject": ["Linux", "Operating Systems", "Embedded", "Yocto"],
            "type": "Lab",
            "format": [".bb", ".patch"],
            "creator": "Mark Allen",
            "publisher": "Arm Education",
            "created": "21/07/2017",
            "description": "Code for lab exercise",
            "language": "Eng",
            "source": "",
            "relation": "",
            "audience": ["Learner", "Developer", "Undergraduate", "Student", "Lecturer", "Academic", "Professor"],     
            "contributor": "",
            "date": "",
            "license": "EULA",
            "identifier": "",  
            "link": "Raspberry_Pi/contents/Module08_SystemDebuggingAndProfiling/Lab04_IntroToCodeDevelopmentUsingYocto/gator"
        }
    ]
}
