{
    "peripherals": [
        {
        "component": "C12832",
        "args": {
            "MOSI": "PinNames.SPI_MOSI",
            "MISO": "PinNames.SPI_MISO",
            "SCK": "PinNames.SPI_SCK"
        }
        
        },
        { "component": "Thermistor", "args": { "Thermistor" : "PinNames.p15" } },
    
        { "component": "PwmSpeaker", "args": { "Speaker" : "PinNames.p21" } },

        { "component": "LedRed", "args": { "LED" : "PinNames.p26" } },
        { "component": "LedBlue", "args": { "LED" : "PinNames.p28" } },
        { "component": "LedYellow", "args": { "LED" : "PinNames.p27" } },

        { "component": "PushButton", "args": { "Button" : "PinNames.p22" } },
        { "component": "Switch", "args": { "Switch" : "PinNames.p23" } },
        { "component": "Switch", "args": { "Switch" : "PinNames.p24" } },
        { "component": "Switch", "args": { "Switch" : "PinNames.p25" } }
  
    ]
}
